run_id,session_date,surface,mu,ramp_gain,pb_max,tb_ms,slip_target,decel_ms2,distance_m,t_abs_s,slip_sd,slip_peak,traces,source,note
S01,2026-09-24,dry,1.0,1400,2000,10,0.2,7.51,52.17,3.54,,,1,mat_traces,"barrido inicial, techo de presion de fabrica"
S02,2026-09-24,wet,0.56,1400,2000,10,0.2,5.17,75.8,1.2,,,1,mat_traces,"barrido inicial, techo de presion de fabrica"
S03,2026-09-24,splitmu,0.6,1400,2000,10,0.2,5.59,70.07,1.27,,,1,mat_traces,"barrido inicial, techo de presion de fabrica"
S04,2026-09-24,dry,1.0,4000,2000,10,0.2,7.57,51.77,3.25,,,1,mat_traces,"barrido inicial, techo de presion de fabrica"
S05,2026-09-24,dry,1.0,1400,6000,10,0.2,8.94,43.84,1.96,,,1,mat_traces,barrido de rampa en seco
S06,2026-09-24,dry,1.0,3000,6000,10,0.2,9.22,42.52,0.96,,,1,mat_traces,barrido de rampa en seco
S07,2026-09-24,dry,1.0,5000,6000,10,0.2,8.95,43.81,0.61,,,1,mat_traces,barrido de rampa en seco
S08,2026-09-24,dry,1.0,8000,6000,10,0.2,8.66,45.24,0.4,,,1,mat_traces,barrido de rampa en seco
S09,2026-09-24,dry,1.0,11000,6000,10,0.2,8.36,46.87,0.31,,,1,mat_traces,barrido de rampa en seco
S10,2026-09-24,dry,1.0,15000,6000,10,0.2,7.94,49.39,0.24,,,1,mat_traces,barrido de rampa en seco
S11,2026-09-24,dry,1.0,11000,6000,3,0.2,6.9,56.83,0.09,,,1,mat_traces,"TB=3 ms, la rueda se bloqueo"
S12,2026-09-25,dry,1.0,800,6000,10,0.2,,52.3,,,,0,readme_recon,reconstruido del coste en metros del README
S13,2026-09-25,wet,0.56,800,6000,10,0.2,,74.6,2.0,,,0,readme_recon,reconstruido del coste en metros del README
S14,2026-09-25,splitmu,0.6,800,6000,10,0.2,,69.8,2.12,,,0,readme_recon,reconstruido del coste en metros del README
S15,2026-09-25,dry,1.0,1400,6000,10,0.2,,43.9,,,,0,readme_recon,reconstruido del coste en metros del README
S16,2026-09-25,wet,0.56,1400,6000,10,0.2,,75.8,,,,0,readme_recon,reconstruido del coste en metros del README
S17,2026-09-25,splitmu,0.6,1400,6000,10,0.2,,70.1,,,,0,readme_recon,reconstruido del coste en metros del README
S18,2026-09-25,dry,1.0,2000,6000,10,0.2,,42.4,1.4,,,0,readme_recon,reconstruido del coste en metros del README
S19,2026-09-25,wet,0.56,2000,6000,10,0.2,,76.6,,,,0,readme_recon,reconstruido del coste en metros del README
S20,2026-09-25,splitmu,0.6,2000,6000,10,0.2,,71.3,,,,0,readme_recon,reconstruido del coste en metros del README
S21,2026-09-25,dry,1.0,3000,6000,10,0.2,,42.6,,,,0,readme_recon,reconstruido del coste en metros del README
S22,2026-09-25,wet,0.56,3000,6000,10,0.2,,78.0,,,,0,readme_recon,reconstruido del coste en metros del README
S23,2026-09-25,splitmu,0.6,3000,6000,10,0.2,,72.8,,,,0,readme_recon,reconstruido del coste en metros del README
S24,2026-09-25,dry,1.0,4500,6000,10,0.2,,43.24,0.67,,,0,readme_meas,barrido de rampa del 25/09
S25,2026-09-25,wet,0.56,4500,6000,10,0.2,,80.84,0.44,,,0,readme_meas,barrido de rampa del 25/09
S26,2026-09-25,splitmu,0.6,4500,6000,10,0.2,,74.66,0.46,0.098,0.397,0,readme_meas,barrido de rampa del 25/09
S27,2026-09-25,dry,1.0,6500,6000,10,0.2,,44.4,,,,0,readme_recon,reconstruido del coste en metros del README
S28,2026-09-25,wet,0.56,6500,6000,10,0.2,,83.6,,,,0,readme_recon,reconstruido del coste en metros del README
S29,2026-09-25,splitmu,0.6,6500,6000,10,0.2,,78.2,,,,0,readme_recon,reconstruido del coste en metros del README
S30,2026-09-25,dry,1.0,9000,6000,10,0.2,,46.2,,,,0,readme_recon,reconstruido del coste en metros del README
S31,2026-09-25,wet,0.56,9000,6000,10,0.2,,88.5,,,,0,readme_recon,reconstruido del coste en metros del README
S32,2026-09-25,splitmu,0.6,9000,6000,10,0.2,,81.1,,,,0,readme_recon,reconstruido del coste en metros del README
S33,2026-09-25,splitmu,0.6,4500,6000,10,0.22,,76.1,,0.122,0.442,0,readme_meas,prediccion fallida: subir la consigna
S34,2026-09-25,splitmu,0.6,4500,6000,10,0.25,,80.6,,0.181,0.61,0,readme_meas,prediccion fallida: subir la consigna
S35,2026-09-25,splitmu,0.6,4500,6000,10,0.28,,85.5,,0.249,0.923,0,readme_meas,prediccion fallida: subir la consigna
S36,2026-09-25,splitmu,0.6,4500,6000,10,0.32,,91.7,,0.302,0.976,0,readme_meas,prediccion fallida: subir la consigna
S37,2026-09-25,dry,1.0,4500,6000,10,0.17,,41.99,,,,0,readme_meas,barrido de consigna del 25/09
S38,2026-09-25,wet,0.56,4500,6000,10,0.17,,77.94,,,,0,readme_meas,barrido de consigna del 25/09
S39,2026-09-25,splitmu,0.6,4500,6000,10,0.17,,72.6,,,,0,readme_meas,barrido de consigna del 25/09
S40,2026-09-25,dry,1.0,4500,6000,10,0.16,,42.18,0.62,0.027,,0,readme_meas,barrido de consigna del 25/09
S41,2026-09-25,wet,0.56,4500,6000,10,0.16,,77.82,0.39,0.046,,0,readme_meas,barrido de consigna del 25/09
S42,2026-09-25,splitmu,0.6,4500,6000,10,0.16,,72.05,0.41,0.043,,0,readme_meas,barrido de consigna del 25/09
S43,2026-09-25,dry,1.0,4500,6000,10,0.15,,42.57,,,,0,readme_meas,barrido de consigna del 25/09
S44,2026-09-25,wet,0.56,4500,6000,10,0.15,,78.0,,,,0,readme_meas,barrido de consigna del 25/09
S45,2026-09-25,splitmu,0.6,4500,6000,10,0.15,,71.87,,,,0,readme_meas,barrido de consigna del 25/09
